{
    "accuracy": 0.9063012652457213,
    "IoU": 0.7820740962052021,
    "Precision": 0.4577344210396286
}