{
    "accuracy": 0.9067409429382374,
    "IoU": 0.7636394900796579,
    "Precision": 0.4505441155143597
}