{
    "accuracy": 0.8914003436879656,
    "IoU": 0.6358902901880943,
    "Precision": 0.40041634083133926
}