{
    "accuracy": 0.7783850020081482,
    "IoU": 0.7146263004441955,
    "Precision": 0.43317048802385366,
    "Kaggle Score": 0.30705006286891057
}