{
    "accuracy": 0.7783850020081482,
    "IoU": 0.7146263004441955,
    "Precision": 0.4331704880238538
}